Identity,UPN
Transportes,AdeleV@MSDx028973.OnMicrosoft.com
Transportes,AlexW@MSDx028973.OnMicrosoft.com
Transportes,AllanD@MSDx028973.OnMicrosoft.com
Transportes,ChristieC@MSDx028973.OnMicrosoft.com
Transportes,DebraB@MSDx028973.OnMicrosoft.com
Transportes,DiegoS@MSDx028973.OnMicrosoft.com
Transportes,GradyA@MSDx028973.OnMicrosoft.com
Transportes,IrvinS@MSDx028973.OnMicrosoft.com
Transportes,IsaiahL@MSDx028973.OnMicrosoft.com
Transportes,JohannaL@MSDx028973.OnMicrosoft.com
Transportes,JoniS@MSDx028973.OnMicrosoft.com
Transportes,LeeG@MSDx028973.OnMicrosoft.com
Transportes,LidiaH@MSDx028973.OnMicrosoft.com
Transportes,LynneR@MSDx028973.OnMicrosoft.com
Transportes,MeganB@MSDx028973.OnMicrosoft.com
Transportes,MiriamG@MSDx028973.OnMicrosoft.com
Transportes,admin@MSDx028973.onmicrosoft.com
Transportes,NestorW@MSDx028973.OnMicrosoft.com
Transportes,PattiF@MSDx028973.OnMicrosoft.com
Transportes,PradeepG@MSDx028973.OnMicrosoft.com
Uruguaiana,AlexW@MSDx028973.OnMicrosoft.com
Uruguaiana,AllanD@MSDx028973.OnMicrosoft.com
Uruguaiana,ChristieC@MSDx028973.OnMicrosoft.com
Uruguaiana,DebraB@MSDx028973.OnMicrosoft.com
Uruguaiana,DiegoS@MSDx028973.OnMicrosoft.com
Uruguaiana,GradyA@MSDx028973.OnMicrosoft.com
Uruguaiana,IrvinS@MSDx028973.OnMicrosoft.com
Uruguaiana,IsaiahL@MSDx028973.OnMicrosoft.com
Uruguaiana,JohannaL@MSDx028973.OnMicrosoft.com
Uruguaiana,JoniS@MSDx028973.OnMicrosoft.com
Uruguaiana,LeeG@MSDx028973.OnMicrosoft.com
Uruguaiana,LidiaH@MSDx028973.OnMicrosoft.com
Uruguaiana,LynneR@MSDx028973.OnMicrosoft.com
Uruguaiana,MeganB@MSDx028973.OnMicrosoft.com
Uruguaiana,MiriamG@MSDx028973.OnMicrosoft.com
Uruguaiana,admin@MSDx028973.onmicrosoft.com
Uruguaiana,NestorW@MSDx028973.OnMicrosoft.com
Uruguaiana,PattiF@MSDx028973.OnMicrosoft.com
Uruguaiana,PradeepG@MSDx028973.OnMicrosoft.com
